class	PPIs	perc
pY	0	85.6303418803419
pY	1	5.02136752136752
pY	2	1.81623931623932
pY	2+	7.53205128205128
pYd	0	86.5726753944277
pYd	1	4.80026854649211
pYd	2	1.7455521987244
pYd	2+	6.88150386035582
vSRC	0	86.6017461383479
vSRC	1	4.53324378777703
vSRC	2	1.71255876427132
vSRC	2+	7.15245130960376
pST 
(native)	0	98.5617452722716
pST 
(native)	1	0.720551378446115
pST 
(native)	2	0.202210070631123
pST 
(native)	2+	0.515493278651173
